category,source_path,size_bytes,sha256
language,assets/sons_of_sins/lang/en_us.json,17874,b96742578065a3feab5158c672cf38d181c53b08b179a42a43f131064ccc0c32
particle,assets/sons_of_sins/particles/blood_particle.json,318,c987701e6615027c316589899a24d02c081caa49cdf5e701336cce07aa66fef4
particle,assets/sons_of_sins/particles/ether_soul.json,557,1940c5ddc07c3bec6a8580b4a058ac0c613ce13684687154251b316e4c573285
sound_map,assets/sons_of_sins/sounds.json,12195,5c1e05fe4f481e33171f2d006b4960451f4a801072ef3701c96b86e9a98b4028
sound,assets/sons_of_sins/sounds/blood_bucket_emptying.ogg,9717,44fa13cbd7ec7ed5544e92a5a05db5902cdb7bfdafa2f60eef4153acb55801fd
sound,assets/sons_of_sins/sounds/blud_ambient.ogg,26844,db02cbd9fcc7027ddb360ff4e48b2dababea55ae7a58ac19bf52d612b0270eff
sound,assets/sons_of_sins/sounds/blud_death.ogg,9629,0b63e6a6a07cee0531da3a83f6b2b8e5a015772dfeb2413f2e6e84c882699739
sound,assets/sons_of_sins/sounds/blud_hurt.ogg,11365,abef8032aa324583226bac3d8178ea30cd41a14c7711591099b2c897e9771ec4
sound,assets/sons_of_sins/sounds/blud_scream.ogg,33043,db698a010b3e21a4d715bb049f3632bdb5274702d77d2939e8983f4a67bc8da6
sound,assets/sons_of_sins/sounds/butcher_ambient.ogg,26772,d5b66c042998ebf184498b07341f4881b21fdd51812252bfc085379cc35e523b
sound,assets/sons_of_sins/sounds/butcher_death.ogg,14397,fef723c45054bbd42a0802a9ca4cac7b0aa7d1953741d7f4c92049b113dc860d
sound,assets/sons_of_sins/sounds/butcher_hurt.ogg,8266,2486f1035ddf3990bf5fb350e69d5cc0ba4bb120a6a483f520214c73de8542a9
sound,assets/sons_of_sins/sounds/butcher_scream.ogg,33070,aefe037680198fb8bfba0032e66c91446fd4adaaa9e26687b428150af9a500ed
sound,assets/sons_of_sins/sounds/curse_ambient.ogg,40133,f18b44c035c86f1694306039de713208e48e8560e8240f06cdf036420302108b
sound,assets/sons_of_sins/sounds/curse_ambient_1.ogg,45329,023fc3389c2cdb295d1103762822aebdebf4ecfbaa5f3b133ea66003b961511e
sound,assets/sons_of_sins/sounds/curse_ambient_2.ogg,37887,0e574c56e7bf8462989747ea42d2c560bcf15af8bea2ad0b149eebb0a4b52a51
sound,assets/sons_of_sins/sounds/curse_death.ogg,10784,1b0fc44d72ec45ecb9f3c6ede20494c90f570d0644fa4fa00fd08932d23013f5
sound,assets/sons_of_sins/sounds/curse_hurt.ogg,7423,210ed4b03b0ec20025fddae361238f73b74b05b5dc4cd8603330b4b674e578e0
sound,assets/sons_of_sins/sounds/curse_hurt_1.ogg,13922,60c776ef95c1b025ad65120eaa858852782231cf8d28cfdfc2ea654f97bdf1af
sound,assets/sons_of_sins/sounds/curse_hurt_2.ogg,14552,e04a31e473bf93fd22e6d3ccd2d03db5e4866f898117b131cae333bbd50404fc
sound,assets/sons_of_sins/sounds/curse_scream.ogg,31140,4bc345f18212f166e6e1323a885b4c0be38601009fccaf755b258c660d3eb51a
sound,assets/sons_of_sins/sounds/devourer_ambient_1.ogg,27738,602e74c8db53fb1d6f58362fa39692fa5029016e0c17f01bdcde89cbaf65cede
sound,assets/sons_of_sins/sounds/devourer_ambient_2.ogg,36144,850c400ab0f01282153235c81cf40c0d9dff4357fb6799075c6ec2ac9a1eed54
sound,assets/sons_of_sins/sounds/devourer_death.ogg,21297,cd9c9f51d3821f14f0bb2afe23abd461d4990d4ccb7ee03b0b9b9796c67ff780
sound,assets/sons_of_sins/sounds/devourer_hurt_1.ogg,11644,6b11b32219816608d3e08541af8af3a42615537a0279cad701062fad2ae9c32a
sound,assets/sons_of_sins/sounds/devourer_hurt_2.ogg,9801,10495803e79831dfad0fe9b13e415556b64f3b8ef9b2cbf9817df8f70022d7f7
sound,assets/sons_of_sins/sounds/ether_ambient_1.ogg,45266,822878d0a2103495993e94bd0128217f4007bea2fd5e4f985c1a3cc57741c9e8
sound,assets/sons_of_sins/sounds/ether_ambient_2.ogg,52040,fa06c9af4f636a353c42acdb6646c8737481e7e8b0670190874c1fac26a20d30
sound,assets/sons_of_sins/sounds/ether_ambient_3.ogg,52439,98aeaab702f59445ed4e234a0ee613b27333a0023d6fd768966ee94e2acd1960
sound,assets/sons_of_sins/sounds/ether_scream_1.ogg,23077,454cb8f27a6c62e880feb4e060e4605bab83b2076e23c64da5768c50f10e9bc5
sound,assets/sons_of_sins/sounds/ether_scream_2.ogg,28490,94926ff413aa2e380967870bbbb44da7e0eda7e01f279ee2865b2f5a8a2518d3
sound,assets/sons_of_sins/sounds/ether_scream_3.ogg,21594,760f75f4e7a3329057ca10b60ccd7b201f6e7760af1417c589563da172165f7b
sound,assets/sons_of_sins/sounds/etheric_imbibation_1.ogg,19601,bd7227d174187211a4c313dc6849e64631d43b2252202c52432453076885877b
sound,assets/sons_of_sins/sounds/etheric_imbibation_2.ogg,12668,bd429d022c984a954821af883055fc918ae0006fb017821dcdef3e83c2c49d59
sound,assets/sons_of_sins/sounds/grub_ambient_1.ogg,25364,ce6c32822a7bbe2d8cfb560c01da7a30ad3973b7291afce7e7fa377baa1b2b6b
sound,assets/sons_of_sins/sounds/grub_ambient_2.ogg,27902,851d5597bba7be8aa3c700c759c6699561136fd4c24bdbdb1fa6a230ccf89784
sound,assets/sons_of_sins/sounds/grub_death.ogg,22000,a9e6303fce858ca62c1e3b6a054a8a0b7e54379e319e2c5356efd83a2eb63901
sound,assets/sons_of_sins/sounds/grub_hurt_1.ogg,9850,d76b0dab46eff409bbf70ec945c57c04014cfc23442854fb520ee800da3b5024
sound,assets/sons_of_sins/sounds/grub_hurt_2.ogg,9336,1162a509803890bb9bd59ae2fb6e4e05fef846518bd84081763f5277671a2b12
sound,assets/sons_of_sins/sounds/grub_hurt_3.ogg,9122,ae855eecffdf821be0071e67408c4088fc54b323ade3ad269fb78e57142d3c62
sound,assets/sons_of_sins/sounds/guzzler_ambient.ogg,33621,0b940597cb64309e0424394996e92a26ab56bb5429acdbef17ccc20397491396
sound,assets/sons_of_sins/sounds/guzzler_death.ogg,21292,2817ac86fab11ced39443f3ad6d8a0d5a7acb8ac8fbe8f5988c46903f7c1cfdf
sound,assets/sons_of_sins/sounds/guzzler_hurt_1.ogg,9831,78e4683ce5802b7affc1d9210a6d2e704d79f13f3df7c474b5b73617f4392123
sound,assets/sons_of_sins/sounds/guzzler_hurt_2.ogg,8916,1521c3419ee7a861d8929f3bde6a48cf437179109ef6084552e650e6583aa1cd
sound,assets/sons_of_sins/sounds/guzzler_hurt_3.ogg,7731,328284f1834db40ba1694d004d76cef8520d1f460694ab8b38f0e22bb3f59232
sound,assets/sons_of_sins/sounds/kelvin_ambient.ogg,29115,21a13e72527d0cc0edd2bf34fb3a0e07a75ccacb0656b41d46835876d5359723
sound,assets/sons_of_sins/sounds/kelvin_death.ogg,14161,4c26a275e9985451bb9222c6cc5054153ebc15654f9368be1ef6c0459386c585
sound,assets/sons_of_sins/sounds/kelvin_hurt.ogg,10074,298098716825ba580e0a745c7e2960756fdedbe431513b90ee7eca8ae6ff8caa
sound,assets/sons_of_sins/sounds/kelvin_scream.ogg,33145,86a40e90b978d8bbad0970a4e7d604a4c2209ce91d091ad100f49a973bf20b87
sound,assets/sons_of_sins/sounds/nibbler_ambient.ogg,47478,0cf637df5a5316acacd922a62e69ed22a162a81f95992b2358efc9b78456edce
sound,assets/sons_of_sins/sounds/nibbler_death.ogg,21019,e7da7fcb461c1f4051c338e628c3e7ec8bfe77ebc56f4316495be3060189fbb8
sound,assets/sons_of_sins/sounds/nibbler_hurt.ogg,8844,12da453e46e448db951092cd152e2e25f31d9548ad59bcff4e79804646e3c9f0
sound,assets/sons_of_sins/sounds/nibbler_hurt_2.ogg,8098,8a2218242cfad6768e84efab5986f1351aba71341465df3557087e11302d9a22
sound,assets/sons_of_sins/sounds/nibbler_hurt_3.ogg,8794,4a9b1ba72683297627111208e2a5e4b64ee2e006b907d10ca3afcf345b50614d
sound,assets/sons_of_sins/sounds/prowler_ambient.ogg,25221,4b8b0b64c30b9dc56a7affe67887c9b2406e3cd5c49cc0696f6936cf09c5d96c
sound,assets/sons_of_sins/sounds/prowler_death.ogg,11984,202c928d0e872512f4eba59cfdb59bd13149a47682bc53925a72981947493b65
sound,assets/sons_of_sins/sounds/prowler_hurt.ogg,9774,b0f0984bac79d03a1d5438049c0d775581cd9c8fe3ad86aa227e15ba15089d8a
sound,assets/sons_of_sins/sounds/prowler_scream.ogg,34761,c6e1fe658273fc4ce530836e95fe6d8871071c3b61505d50351e71182bf1e8dd
sound,assets/sons_of_sins/sounds/remnant_tanking.ogg,13418,310f28f8362f4258f6e0dd98cb02f30e02bbebba433b088743ffb6406815f9bd
sound,assets/sons_of_sins/sounds/sickle_hit.ogg,8269,0fa36909580946416d4ed05efdcc599064a4fb4ab2976118424edaa2237aef08
sound,assets/sons_of_sins/sounds/sickle_kill.ogg,9671,0b462ac144e5c34609fe9a263d43211237b10bd12c59d2b8640f030cb9151f7f
sound,assets/sons_of_sins/sounds/sin_summon.ogg,86743,bb96690d40aa2664033c325369b579f5939004a833f66bee146f39877c07dbfd
sound,assets/sons_of_sins/sounds/sins_coming.ogg,76758,5471ab5bf6b57806855c8077969bbbb7328cdd2d87105f00ec5187a9e8a9014c
sound,assets/sons_of_sins/sounds/sins_redwolf.ogg,1812643,3f5654e78ac93defd68fb27b30d4dc90bcb803f27003410cb7914b76909e4ef8
sound,assets/sons_of_sins/sounds/soul_steel_dig_1.ogg,7254,f54cb64dc451008671e1adac8b5ca8ed74a8e528f8789b30951d0c0474d18490
sound,assets/sons_of_sins/sounds/soul_steel_dig_2.ogg,7128,e489f5ddefbd75206cda942bdcbc11327a16f5306c3e36023536a77b823d9d7d
sound,assets/sons_of_sins/sounds/soul_steel_step_1.ogg,7552,441eb66d20e8a7707da0b5033625003d87744d8f207288ee89823216114d8946
sound,assets/sons_of_sins/sounds/tension.ogg,24560,3ad00e1c2c0d2f6708ab64700e7403ade57f5596fcb359008dcd395f653dd9b3
sound,assets/sons_of_sins/sounds/walking_bed_ambient.ogg,19904,6b3789dc3a3ec8804ea7402dd1a530d4a10e7fc34b37b92b6ffb28a11ee03f30
sound,assets/sons_of_sins/sounds/walking_bed_death.ogg,12752,25cb4642813f11ff4f45e7328ae859fc0398ddca7fb042181977342b08f45172
sound,assets/sons_of_sins/sounds/walking_bed_hurt.ogg,9505,994d7f618dbbc8781d33dd4b524e6b8eb5ebc71d32ca7d7dd5036a086795c131
sound,assets/sons_of_sins/sounds/walking_bed_scream.ogg,36268,b871359fa4c4efb5ec16c3da0dd2a36732adb27de576aa6370588367b7e2b8d1
sound,assets/sons_of_sins/sounds/wight_ambient_1.ogg,35984,e5624442cdeea8cf4bae4149e5c370a0e68b58ef67e81b3a2b103ac7fecd625f
sound,assets/sons_of_sins/sounds/wight_ambient_2.ogg,44254,ed754b3fb442721b9ea5505a380e8f21e268f9b8076fdacc8dfcfb4e4e0a64b1
sound,assets/sons_of_sins/sounds/wight_death_1.ogg,14641,47d88069982ca01023c65895a02b62151c0c1493aab5cc51598e59f489e53156
sound,assets/sons_of_sins/sounds/wight_death_2.ogg,16420,6219b38ce353c6c15fe077a4777221a5c02c3829c86a3212683bbf1555b79ce5
sound,assets/sons_of_sins/sounds/wight_hurt_1.ogg,7875,34cb5b9c11a8b15cbd4d025f9e5c626e38cea902427ab8cc363487bf3edd0c4a
sound,assets/sons_of_sins/sounds/wight_hurt_2.ogg,7447,82075fb2b4d041c900ab3184b52b989ef80d5425ec10e2e957d7735f74138e95
sound,assets/sons_of_sins/sounds/wight_hurt_3.ogg,7382,a092fde3dda95b669c9f619f074b988c95d740f406d40684a2e10ab42bec7712
sound,assets/sons_of_sins/sounds/wistiver_ambient.ogg,29411,002e69bc33fb7638e7555d03d46cad1deaa2318ba3dcb2325dcf786fe7b59be4
sound,assets/sons_of_sins/sounds/wistiver_death.ogg,17937,a1e6db184158593d5bfe97b64d1fa377576b7f1641dab2ca1cee35d52746238c
sound,assets/sons_of_sins/sounds/wistiver_hurt.ogg,10095,34f262a7523f38dbdbe5963f585d216e61a3380aabed6faba1c9fd5714e3d225
sound,assets/sons_of_sins/sounds/wistiver_scream.ogg,33824,8352535a99f03e1319b15aa6f782de69fef6007e2983eb5658b0dc92af1329fb
sound,assets/sons_of_sins/sounds/wistiver_screamer.ogg,18714,94f6b185dc3a707bf9a789aa413658fbcdf4c70ee1f3f5116111d5f219491e12
entity_texture,assets/sons_of_sins/textures/entities/betrayed_devourer.png,1230,f11ba3bfd1745bfeae6b6297f9e10065c49707e83134a2235c2b01fdeef32feb
entity_texture,assets/sons_of_sins/textures/entities/blud.png,2548,8d1d29fb9d86985c4bf5d690cc91ac280e9f855e4903d54db9c2ba499f7fda8f
entity_texture,assets/sons_of_sins/textures/entities/butcher.png,3112,cee4b5ef8feddbadc39dbfcdacfedac94bf274be49e034f9c5e45f5d609358a1
entity_texture,assets/sons_of_sins/textures/entities/butcher_ghost.png,1947,15651385608d1c68932d84eadffd94a5d4f842032e2d6d083bff3adc344fb1c6
entity_texture,assets/sons_of_sins/textures/entities/butcher_glowing.png,112,ccf7b06819140823ba402a9ed955c04fa9be4d318a9715e05d4e299b825550ce
entity_texture,assets/sons_of_sins/textures/entities/christmas_hat.png,537,807406a3b514decd4b0f9a7dfc6c17eb156f02925fa2e405c60cf5c5450693ea
entity_texture,assets/sons_of_sins/textures/entities/curse.png,1181,8bdea1548f7dfd5247981580ae9b29ad764a397dbfb23202be7a7e4717a6f39a
entity_texture,assets/sons_of_sins/textures/entities/curse_ghost.png,1062,a6bbbaf82f6ac9395466fd31917985b8c392c9b759f85d3a6f1fca6df63e7226
entity_texture,assets/sons_of_sins/textures/entities/curse_glowing.png,206,5219159f4f185b5fff855d839f052fe5236c8b9995bb57ead35d6e93174539af
entity_texture,assets/sons_of_sins/textures/entities/devourer.png,1241,748a8c2ed923e32e5703e044be3d691b68c2d526d074e9b0c1f5af8790c67099
entity_texture,assets/sons_of_sins/textures/entities/ditched.png,809,c6b93ad052e1cbf0caf08da7fab58a744f5f58c2c8a7bce413d1e5aa4a211523
entity_texture,assets/sons_of_sins/textures/entities/ditched_glowing.png,147,55c81cdbffabae3adb7073a902185737565266f30c3f8003b0e12944611f3c26
entity_texture,assets/sons_of_sins/textures/entities/ditched_target.png,877,5da1ed894fe616c0c617cc73ae77ff27c9cf987811d430b059c6719b1097b746
entity_texture,assets/sons_of_sins/textures/entities/ditched_target_glowing.png,150,039ca607111e110628a0d746b62db16eba465c3d9054c3d3a1356cca37f77ed1
entity_texture,assets/sons_of_sins/textures/entities/grub.png,3249,b0f3d5b5c2f20d0117510b03dfb38754606f41076097d874b8d1729c1243c284
entity_texture,assets/sons_of_sins/textures/entities/gubler.png,1346,e875105ff1f4130c209c62c0984324b731a6b9d374602c9fbf2e7c763aee5f19
entity_texture,assets/sons_of_sins/textures/entities/guzzler.png,1371,a865983634ebc2dc666ef693684246e8b76196e0e593174f8fb00bd3cce835d4
entity_texture,assets/sons_of_sins/textures/entities/invisible.png,75,7074f74f39a8ad752db14a876089e9867d92b2425c37a6d44a74660f900a877d
entity_texture,assets/sons_of_sins/textures/entities/kelvin.png,3157,c22393cdd95ba878f1531a2fc4ec190fcab0bb22dc9f6ee82c839b2ec8b90829
entity_texture,assets/sons_of_sins/textures/entities/kelvin_ghost.png,1914,775d7935593b1b6c33eaf59df615326f77927a6ac16eeed6778196fce7a1ebf7
entity_texture,assets/sons_of_sins/textures/entities/kelvin_glowing.png,184,b6b5e317ceefbb3ad043b08c44fc4c69ce2b3a580822b96dee0d78fcec715447
entity_texture,assets/sons_of_sins/textures/entities/nibbler.png,1294,e825a52284939c9b5685d960cf1b5310856fd6cc9eec90ba9f1b455a9d8ec271
entity_texture,assets/sons_of_sins/textures/entities/prowler.png,2423,5542cfccb7589b8e94a8d7745a00c158ba7c3c6bf71259305e19dde63c2049f1
entity_texture,assets/sons_of_sins/textures/entities/prowler_ghost.png,1301,9549a6d06217f598301ed2747f73a9e63fa76a17de305da370521cc25dbd2cff
entity_texture,assets/sons_of_sins/textures/entities/prowler_glowing.png,106,2fb42360c75f79c51c5455d3f6add578a8688f8c39e51ea576cd803256db8951
entity_texture,assets/sons_of_sins/textures/entities/remnant_chest.png,840,83c1ca5fd2834c9d90ad44d832bd87938c39435805f15ab9bbeda47c12f982a3
entity_texture,assets/sons_of_sins/textures/entities/remnant_chestplate_glow.png,135,15515744424f441706933329aa5227bf4364a1ea064996b02e1d011d51ed6f93
entity_texture,assets/sons_of_sins/textures/entities/sickle_backstab.png,742,d79d11d04fe3f2ff90858fd1fffd22ee2cf1b23ede6740132be70697cc9117c0
entity_texture,assets/sons_of_sins/textures/entities/sombrero.png,1315,58c418be0b683f930ad022dd5b2fa1ba6839686136ce0cf46689e3f463dc1072
entity_texture,assets/sons_of_sins/textures/entities/soul_steel_helmet.png,1110,a35baac3d8c89d641310be13047596d4b4676be6570fbd8c7e15cd3d5159bd39
entity_texture,assets/sons_of_sins/textures/entities/walking_bed.png,4850,ed7c4a1976f3f135fa5e4a3e470a3f42d12acffbc296c1a2cb20627b9419e3dd
entity_texture,assets/sons_of_sins/textures/entities/walking_bed_eye.png,167,3c8351b879adfd5f0dac2d51233bdb2d1b4d7fb3bd7573db52951bdbc7624228
entity_texture,assets/sons_of_sins/textures/entities/walking_bed_ghost.png,3187,ca625e513b14efa9f0799e80fcf95e12d3d467ccaed67bdf444e40653a13b1d8
entity_texture,assets/sons_of_sins/textures/entities/walking_bed_glow.png,178,1e4b2873ffcfa7381c46e50f8ad40cb0cb54dbf365bd440dfec367035012d607
entity_texture,assets/sons_of_sins/textures/entities/wistiver.png,2308,7374f2c9a3932588494f0e4c61344021e2ba7f0aeb2bf523903d0b00af36c52f
entity_texture,assets/sons_of_sins/textures/entities/wistiver_ghost.png,1515,5f62063c0033f6e30ad742012bea7d44046d145ae50435f545192cd07f61110e
entity_texture,assets/sons_of_sins/textures/entities/wistiver_glowing.png,106,2fb42360c75f79c51c5455d3f6add578a8688f8c39e51ea576cd803256db8951
entity_texture,assets/sons_of_sins/textures/entities/wistiver_jaw.png,597,f693c13bdb64004a7ee16c4957a91dbfab4745e77eb1db5a89b29fe230a1e00d
organ_texture,assets/sons_of_sins/textures/organs_display/blazing_heart.png,617,9cfe95b3ae2d93808d6bad82ec6cdf4325b57c959b396af2c9b0d61793b08fc2
organ_texture,assets/sons_of_sins/textures/organs_display/creeper_ribs.png,1195,65e13e0707523bc844a208e62425964313b3a33a76da4ae66d6a061284d36abc
organ_texture,assets/sons_of_sins/textures/organs_display/devourer/blazing_heart.png,230,904f1156591511692ff95f5d058bdb95382bbc0aaa38f446220d16897c3ae71a
organ_texture,assets/sons_of_sins/textures/organs_display/devourer/charged_creeper_ribs.png,552,108073b6eb27da0c9c87a4f360fed7f1fb11a0b12bbe8b6deffc1987a7365662
organ_texture,assets/sons_of_sins/textures/organs_display/devourer/creeper_ribs.png,552,108073b6eb27da0c9c87a4f360fed7f1fb11a0b12bbe8b6deffc1987a7365662
organ_texture,assets/sons_of_sins/textures/organs_display/devourer/enderman_muscle.png,305,bcb3b7e712b6f8e46d5c8656729a94c75ab56d9dd5bc66c101ec15db10477287
organ_texture,assets/sons_of_sins/textures/organs_display/devourer/golem_cuirass.png,733,568274f682b360094f52fa740fbd8fc2a8d04e1f646710d0109fc87499d4d65c
organ_texture,assets/sons_of_sins/textures/organs_display/devourer/ice_heart.png,220,1e45c33a6b4737df27de0612994832ca131e32d178b2e7882903fff500db5d9c
organ_texture,assets/sons_of_sins/textures/organs_display/devourer/ravager_muscle.png,309,cc4fa70f88ab6719e39e54d14928ee28a1a5ec0c77aace4969c2b7a6bf11288e
organ_texture,assets/sons_of_sins/textures/organs_display/devourer/ribs.png,186,c31bfbc59b11a492944ad30b2f2a527d0ad237f5f895b22bf2bfa194ee31e8e9
organ_texture,assets/sons_of_sins/textures/organs_display/devourer/slime_rear.png,547,6b00124341dc3c02c70319091f391b41bbb2858fb556508780d62acfcac1741f
organ_texture,assets/sons_of_sins/textures/organs_display/devourer/spider_heart.png,228,f52c7ec0081b31bba795bb6a653c150ffa8abf0242ee68b809f2a6c7bb56aa2a
organ_texture,assets/sons_of_sins/textures/organs_display/devourer/strider_muscle.png,326,97b21154c47f3396aae331fd0b08d79b4d349367a65154fedbc4c34ea76afd3b
organ_texture,assets/sons_of_sins/textures/organs_display/enderman_muscle.png,767,3db1558d8cad7e3460d4812be192b9513ceedd57ab6d9177a14e7446434f77f8
organ_texture,assets/sons_of_sins/textures/organs_display/golem_cuirass.png,1234,c680f4b3808e4b92fa4ceb555d83d22517be8678df355fea961513763eb9e3f2
organ_texture,assets/sons_of_sins/textures/organs_display/grub/blazing_heart.png,369,806729505925dac93fa855053cb6126e594a5a4308408027c765c5871de0e5ab
organ_texture,assets/sons_of_sins/textures/organs_display/grub/charged_creeper_ribs.png,949,9330c7f9ed684ed12920e8feb4e979a944e3d9ee7b7fdd4f282fc91a7fd670b4
organ_texture,assets/sons_of_sins/textures/organs_display/grub/creeper_ribs.png,949,9330c7f9ed684ed12920e8feb4e979a944e3d9ee7b7fdd4f282fc91a7fd670b4
organ_texture,assets/sons_of_sins/textures/organs_display/grub/enderman_muscle.png,366,94eba9ac13a466f2814f6ef38c3580588d8c05f0f1605006461c0ac4d78be5e6
organ_texture,assets/sons_of_sins/textures/organs_display/grub/golem_cuirass.png,1419,04412da049f52345efefb6e7bdef81b59db50415a8891643abcc01d29036dd6e
organ_texture,assets/sons_of_sins/textures/organs_display/grub/ice_heart.png,321,e9e2f9efa1188226b947e92a29a8997a0114c6dc7244a64d429219c685df9c7b
organ_texture,assets/sons_of_sins/textures/organs_display/grub/ravager_muscle.png,372,d9b229654d8acb907cdcb4d1c881d644fd6d0bab002a801f95d0f6915f1fe113
organ_texture,assets/sons_of_sins/textures/organs_display/grub/ribs.png,156,ff30c0a7268849427c5b6085bc05b348e70289a37c3f23be10cec8b29a26ee6d
organ_texture,assets/sons_of_sins/textures/organs_display/grub/slime_rear.png,910,2acf3db6aeeac938703675a55f58ef7a8e3399186d6a138901595da96b941837
organ_texture,assets/sons_of_sins/textures/organs_display/grub/spider_heart.png,347,1ac4215a1ebd04302fe5b07e7b5f3d672f0653dd958171e5910c50f75a4fc456
organ_texture,assets/sons_of_sins/textures/organs_display/grub/strider_muscle.png,368,1ea46e74b8742db9bdf19f034507c7e8b0eb82d50648065f2020821b21f3cb33
organ_texture,assets/sons_of_sins/textures/organs_display/gulber/blazing_heart.png,249,e479bdc224c36167475015a0d7245831b8b4b134abead98ccac7a8b68d35a0eb
organ_texture,assets/sons_of_sins/textures/organs_display/gulber/charged_creeper_ribs.png,364,05150bf127166c10786db39000d8bffaf219469878c682124d44fefdf9bdf4af
organ_texture,assets/sons_of_sins/textures/organs_display/gulber/creeper_ribs.png,364,05150bf127166c10786db39000d8bffaf219469878c682124d44fefdf9bdf4af
organ_texture,assets/sons_of_sins/textures/organs_display/gulber/enderman_muscle.png,335,8f4a429d96a66ba092ce7b36c107f45b80d5a3c0bc1714b4ef9a6e800497533d
organ_texture,assets/sons_of_sins/textures/organs_display/gulber/golem_cuirass.png,513,9e41b28c043102b7b1b32c8f1fdbfa7e88e51490eaac2e99087636374096c937
organ_texture,assets/sons_of_sins/textures/organs_display/gulber/heart.png,241,ff79ed94bb61c318bd263e23beb69d933051fadaa2b7673a6d4c7ec662815dfc
organ_texture,assets/sons_of_sins/textures/organs_display/gulber/ice_heart.png,243,a878417636d70cb8051e5b1fc3a041db7e7b11ac7437a5bd592fa45e34da81d4
organ_texture,assets/sons_of_sins/textures/organs_display/gulber/muscle.png,346,a4703217086a3e2975e7dc823962f0b4d9e33b772e3545664f0a4af120ef97ed
organ_texture,assets/sons_of_sins/textures/organs_display/gulber/ravager_muscle.png,343,395950eb47fcb28a282ece4c09714373ae9da81873887c97b4503996ab40f736
organ_texture,assets/sons_of_sins/textures/organs_display/gulber/ribs.png,124,533f8854f9b84ee9ff99ca3ee8c14649106bb369afeb1f555f77c55143d8157c
organ_texture,assets/sons_of_sins/textures/organs_display/gulber/slime_rear.png,359,27dbe0025fac7d24f9a823da26de6023fa1d33957f8b838e6be924b7c0d74591
organ_texture,assets/sons_of_sins/textures/organs_display/gulber/spider_heart.png,245,b797146e220ea11b087fc1459b8dedf132c55dd0e4f64966cbe39ef4851bfcd0
organ_texture,assets/sons_of_sins/textures/organs_display/gulber/strider_muscle.png,337,be6d473b368cffade557ea07cf5df945f01a5341268a61322014275a7edc90b3
organ_texture,assets/sons_of_sins/textures/organs_display/guzzler/blazing_heart.png,224,fe6025d18d8d22841a51f1aecd447c9f73952ec2062f7d6cd22c2b3e56129b39
organ_texture,assets/sons_of_sins/textures/organs_display/guzzler/charged_creeper_ribs.png,451,c2f596359535aaeec59aa66b5692179be34d0eeed561456ccd1c51b689675d96
organ_texture,assets/sons_of_sins/textures/organs_display/guzzler/creeper_ribs.png,451,c2f596359535aaeec59aa66b5692179be34d0eeed561456ccd1c51b689675d96
organ_texture,assets/sons_of_sins/textures/organs_display/guzzler/enderman_muscle.png,318,063c2ef821a57e9246ed6312e55888726cd28fbbb4d97243ef39372faa78e767
organ_texture,assets/sons_of_sins/textures/organs_display/guzzler/golem_cuirass.png,664,caaf0387d3a05c3f17be6d5cbc08c45eea0129db7d3c3721bfb0f36db72ca071
organ_texture,assets/sons_of_sins/textures/organs_display/guzzler/ice_heart.png,295,0f00172d402fbfc4cd8b0b7f305285f5b9424fdd0ba1dfb8c7133fce29fbc6eb
organ_texture,assets/sons_of_sins/textures/organs_display/guzzler/ravager_muscle.png,324,4b483f8777a90a3b708f81025f63c5172511d12879e32f519fe594b3722e49d0
organ_texture,assets/sons_of_sins/textures/organs_display/guzzler/ribs.png,150,129de3091d5e2c1c5dbbd53dad1c87d1633f36cb7ec67a9811d5450ba1418c16
organ_texture,assets/sons_of_sins/textures/organs_display/guzzler/slime_rear.png,374,c7d2a562e6a4ddb51be017facdc31e7ad7e0095815407d065b4fa99a748cc220
organ_texture,assets/sons_of_sins/textures/organs_display/guzzler/spider_heart.png,208,9b53f955f8f699ec7dd043c9167eee353528d72652d5d0f6d169467c72439e3e
organ_texture,assets/sons_of_sins/textures/organs_display/guzzler/strider_muscle.png,322,af4037eda85102f9c343e7d90ac12b373577bcd601294c41fa0fc8fe53187ee6
organ_texture,assets/sons_of_sins/textures/organs_display/heart.png,612,6936634e4cd3ca12c300d140475ee82a5357a265374c39c4070b7efb725fb29e
organ_texture,assets/sons_of_sins/textures/organs_display/ice_heart.png,696,ac42e66de09f8126ad586c3375317541ab4e9981c4b1e8ae201a9f409ae06ada
organ_texture,assets/sons_of_sins/textures/organs_display/muscle.png,804,2353ae726b0ae8243c891b547b50d45744740770277984469c206d86d27151d1
organ_texture,assets/sons_of_sins/textures/organs_display/nibbler/blazing_heart.png,216,9a6f6693afba914b160f5956db9302eed8bd11f424b2e5d05fec051e1b2c6e55
organ_texture,assets/sons_of_sins/textures/organs_display/nibbler/charged_creeper_ribs.png,356,dd29df1fdbc429138cd12af75abead244b99bfd6e21c59c1ced018c3c775aecc
organ_texture,assets/sons_of_sins/textures/organs_display/nibbler/creeper_ribs.png,356,dd29df1fdbc429138cd12af75abead244b99bfd6e21c59c1ced018c3c775aecc
organ_texture,assets/sons_of_sins/textures/organs_display/nibbler/enderman_muscle.png,357,b7c23f7114f764ad72cbd4ee25c149f804ebb43fc60bf00e73abbf36284d5527
organ_texture,assets/sons_of_sins/textures/organs_display/nibbler/golem_cuirass.png,589,6a88d950957f862465bb5b0eda266859409aaa03d48df0f0f59fbb2fc91eb63c
organ_texture,assets/sons_of_sins/textures/organs_display/nibbler/ice_heart.png,193,af9a42d0fc1735fd8f4c1edeaede8c3f10859845933221675d76d0ac62339fcc
organ_texture,assets/sons_of_sins/textures/organs_display/nibbler/ravager_muscle.png,364,d544bbf792d7a8523f5904c2698cdd352bc482c77aaed01c38abc0e7cbc51fe8
organ_texture,assets/sons_of_sins/textures/organs_display/nibbler/ribs.png,100,bda8277547ec274b1709baad780fee7820eedb780ae8545069af88e22909a08b
organ_texture,assets/sons_of_sins/textures/organs_display/nibbler/slime_rear.png,354,1a2d42b7f8b8e74448e8d881b04facfae8e22ae081e6c4a1927acdcfa84eb44b
organ_texture,assets/sons_of_sins/textures/organs_display/nibbler/spider_heart.png,214,3b5d59f1a1f917047664bacc5cf100d7f536c54fa47382803e79d59a5eb7e316
organ_texture,assets/sons_of_sins/textures/organs_display/nibbler/strider_muscle.png,365,679393e69b24e09cde4a6d2e1f274dede99568f428ebfe301c3f34eb3f6424f0
organ_texture,assets/sons_of_sins/textures/organs_display/ravager_muscle.png,785,fae62f0688eb8ad3110f8981daa3dfb6ed8590645db388a6f2b3fe342780dac3
organ_texture,assets/sons_of_sins/textures/organs_display/ribs.png,1162,0ce3005b2893d05fe1cdc6368bed00cf94b6094b086f1f155c14a23f55cd80d6
organ_texture,assets/sons_of_sins/textures/organs_display/slime_rear.png,918,ce3fbffb811c31d2fc0e7bf506148d7446d78317c37f300d93f99c926b42bdbd
organ_texture,assets/sons_of_sins/textures/organs_display/spider_heart.png,618,210d0f4ebf64195de27d0af089a93bc8f4de61578ee5d84ebb9722e235d08935
organ_texture,assets/sons_of_sins/textures/organs_display/strider_muscle.png,792,d828ff486a6ae7a624b28bd5e9a233df058eece344b1dafe4c61c55c8c1883f9
particle,assets/sons_of_sins/textures/particle/blood.png,542,cb4baf2eed2c212121c9f7aeda230f87df599c2decc1582e0350b26339240002
particle,assets/sons_of_sins/textures/particle/blood_particle_1.png,135,decf97e1d1774eb9bd92f150cf46b411c60ba0a3738ac2300f0bfca42514e5c0
particle,assets/sons_of_sins/textures/particle/blood_particle_2.png,131,3bb4032ebbb7cd451d1daeb15f281b1b7d1672853c869e422f1d70709310af84
particle,assets/sons_of_sins/textures/particle/blood_particle_3.png,128,916db022a52b70c29bd7355d77f37bfce8c8fb7e0a03f62b69e13934ece9fb3f
particle,assets/sons_of_sins/textures/particle/blood_particle_4.png,126,0182a57ebb9576915c68710e1cb15c4d46a483127ddd8c590c28f5265c8d1e64
particle,assets/sons_of_sins/textures/particle/blood_particle_5.png,132,06d276f84d9589d87e8c20f32157712e59cb1a0552e2f5b2e70b3db9b36dc1de
particle,assets/sons_of_sins/textures/particle/blood_particle_6.png,131,11feb4d9c24b2aecdcda8c9324293610edc85ea2f1f72baf40466ade3d68cf44
particle,assets/sons_of_sins/textures/particle/blood_particle_7.png,126,33d17dec683bfffef47325a54d472c6d8c4776436be9f7912a32f11326fb4b57
particle,assets/sons_of_sins/textures/particle/blood_particle_8.png,129,10d98f0574b387c9c004a8c4969052bae651d1854cb83d93c9deb7d3b3e601b3
particle,assets/sons_of_sins/textures/particle/ether_soul.png,285,d2c7176402860a9cb10004d1f8a060cc0568643269854ea6de49574228531985
particle,assets/sons_of_sins/textures/particle/ether_soul.png.mcmeta,39,c20a5a514f6a7c840b4c0503381b44261d6017cae210ab7fe4e77a4ded5af00d
particle,assets/sons_of_sins/textures/particle/ether_soul_1.png,84,8359b54a91fc9c419c5e94b7902eeb114f0c6673099bb91181a33587bf7a6c7b
particle,assets/sons_of_sins/textures/particle/ether_soul_10.png,106,c6b3814b03410f7041819774587dc5e31a263210b7cde25d29509c1357acab6b
particle,assets/sons_of_sins/textures/particle/ether_soul_11.png,100,40b152d58fb7b98c21686bfce6a51dc279cdd16ab238753a609696a8be643ea5
particle,assets/sons_of_sins/textures/particle/ether_soul_12.png,92,71f4b2d48572096c1a89a92e5bbb1e4a649478df7d90b15928acb0afbc28771a
particle,assets/sons_of_sins/textures/particle/ether_soul_13.png,86,91b621d598a54a3dbe534eca9927dcc952a88fca8eb8343743f7b1913ec7e79f
particle,assets/sons_of_sins/textures/particle/ether_soul_14.png,77,ece72e330505ba6b70017df4551607f2a5af1723d2eb1add4df2297729c3c12a
particle,assets/sons_of_sins/textures/particle/ether_soul_15.png,70,0d1c9eafabc0cd09993306b7cdc680c32357ad6e6c43885e7be970c89462a41d
particle,assets/sons_of_sins/textures/particle/ether_soul_16.png,70,0d1c9eafabc0cd09993306b7cdc680c32357ad6e6c43885e7be970c89462a41d
particle,assets/sons_of_sins/textures/particle/ether_soul_2.png,96,789374e8384d0c34505f6687e77349263f60078ee0b9b58997d297eed18985e3
particle,assets/sons_of_sins/textures/particle/ether_soul_3.png,107,7e7bd7633d51d0c791d2608f319af82a9204366d31f69a2a1cdccc97d41be280
particle,assets/sons_of_sins/textures/particle/ether_soul_4.png,112,02a3cb9ece3e60989b10747fb4ca0a5d041ac7037f2b2da74991d8ff9f388155
particle,assets/sons_of_sins/textures/particle/ether_soul_5.png,116,41b79d44b53ffc14fe8a863519e5bf63f1cca93ed02ea081d5f7f44de1562168
particle,assets/sons_of_sins/textures/particle/ether_soul_6.png,116,41b79d44b53ffc14fe8a863519e5bf63f1cca93ed02ea081d5f7f44de1562168
particle,assets/sons_of_sins/textures/particle/ether_soul_7.png,116,41b79d44b53ffc14fe8a863519e5bf63f1cca93ed02ea081d5f7f44de1562168
particle,assets/sons_of_sins/textures/particle/ether_soul_8.png,117,5ba45ef6be807c1c26e6fcacfb3f7f191153b9984b61a8bde97f2c1b3a37a4f8
particle,assets/sons_of_sins/textures/particle/ether_soul_9.png,114,985b81c01d38d27182b5fe4e86c3411d3fc588fe8f7cf9ce6fc31f90547a68be
animation_class,net/mcreator/sonsofsins/client/animation/bludAnimation.class,9913,f8664de344435dd08f91e7ca416fd3a36ec2843bcf96928dbb4e68ed2abf2902
animation_class,net/mcreator/sonsofsins/client/animation/blud_aggressiveAnimation.class,7067,20dddbd5b93235c6236a591691d6602b9d173987204fb35f1d066975c414f9e7
animation_class,net/mcreator/sonsofsins/client/animation/blud_tradeAnimation.class,3487,d53d540c82b8f76ac13c41cde86c57eadb55a1ad71a41e747075784b06015d57
animation_class,net/mcreator/sonsofsins/client/animation/butcherAnimation.class,9107,1ff0928b7df0fcd491d4774eb31d034c7ec97913ad889e9650dbb7f0c3ab36ed
animation_class,net/mcreator/sonsofsins/client/animation/devourerAnimation.class,4748,66562f7dd2b02b39427fc35bbfe0f6cf57f36b8a2d058d62f51fda9539eb948d
animation_class,net/mcreator/sonsofsins/client/animation/ghost/butcher_ghostAnimation.class,4870,562c357f95cf0790d0c923786e949eecdf59a49ec17ac60ec8a26e64a128463b
animation_class,net/mcreator/sonsofsins/client/animation/ghost/curse_ghostAnimation.class,4395,41849d3193b86fad40698ab2a4187a024889acfe0ab27e8e8d8ee8bfc6e6ac0e
animation_class,net/mcreator/sonsofsins/client/animation/ghost/kelvin_ghostAnimation.class,5895,e1e8323ba934a63984cc8080f20c4351f67fc5a9886be7d9ce01e61c3e313bf8
animation_class,net/mcreator/sonsofsins/client/animation/ghost/prowler_ghostAnimation.class,4767,51c0d873e095da6bbd792eb6b0215910af81224ddc4da1ef1238592496049f6c
animation_class,net/mcreator/sonsofsins/client/animation/ghost/walking_bed_ghostAnimation.class,5158,f91561ddbf0fa71ba9ecfe3d3c14504b19e465408d905e0579c484f3aa480ca7
animation_class,net/mcreator/sonsofsins/client/animation/ghost/wistiver_ghostAnimation.class,4066,c044706d03adee62ec617facc18b0d70a08b4265fff53a7cfe9f30d009876a56
animation_class,net/mcreator/sonsofsins/client/animation/grubAnimation.class,5514,4e677a651438baaec018c3e44e94eba796b508a8890824de6abdec9b321e1dae
animation_class,net/mcreator/sonsofsins/client/animation/gulberAnimation.class,7196,6cd9b1d07b5ddeaca5415eb736c161274d0f191254334899155e43370cdeae76
animation_class,net/mcreator/sonsofsins/client/animation/guzzlerAnimation.class,5459,a0510e32fe5606d16ae03fb8d9aac72a6bb7d7e4c4909b74c1118a55aaac2f81
animation_class,net/mcreator/sonsofsins/client/animation/kelvinAnimation.class,9748,466d2947edd3e740a989476c8c0e7dafd5782f6f0cd51caee8c9503dd47c9a41
animation_class,net/mcreator/sonsofsins/client/animation/nibblerAnimation.class,5494,4419c2874e626b70e2fd726124aab59d49d84e2c2d7830f5a4b6ab8bb9b6cc6a
animation_class,net/mcreator/sonsofsins/client/animation/prowlerAnimation.class,13204,5a792a93b6ebd35969f716936171d254fb9bdb6a25f3f6c8c087331b14b1dd4c
animation_class,net/mcreator/sonsofsins/client/animation/walking_bedAnimation.class,17716,b1311383cb5a498f13edc3fe4570fac67704aabb23379e0193434aec4483d8c5
animation_class,net/mcreator/sonsofsins/client/animation/wistiverAnimation.class,9670,f5bb57ba1b134c0d69fa4c1ede1e153ed32de1ed2ec268d7e7259e924f5313af
animation_class,net/mcreator/sonsofsins/client/animation/wistiver_jawAnimation.class,3148,eb664cf1c39ab14c76c01bd8a7465f28a264886d4773c3baee8bd2ed7a50af4e
model_class,net/mcreator/sonsofsins/client/model/Modelbetrayed_guzzler$ModelParts.class,1795,5e043c1cb396b6c57903ccc038c3e3942e26b2f5eb3b2ff430ddd1024835d6d5
model_class,net/mcreator/sonsofsins/client/model/Modelbetrayed_guzzler.class,7257,d6010688acfb504a5a3011951e587fdc6da16469635df3f2c50dc83d0ec5e23f
model_class,net/mcreator/sonsofsins/client/model/Modelblud$ModelParts.class,1711,cfbf3540f0351305a0c7367299183041cc4fbb3dfe1f8cd3dfac8db8de9f57b2
model_class,net/mcreator/sonsofsins/client/model/Modelblud.class,7856,f93bf0f18a0a544349b6cff6164ece7b508c7d321a74214577f7c748a4099e57
model_class,net/mcreator/sonsofsins/client/model/Modelblud_aggressive$ModelParts.class,1788,106583ba200cc6c20bd739da8498240affd053bde2500dbf91303a3591c750e1
model_class,net/mcreator/sonsofsins/client/model/Modelblud_aggressive.class,7412,371cf15cb4ec1cd3f3e0b98b9b8c4c4e16a2f32d14699946df05dae4a78704f0
model_class,net/mcreator/sonsofsins/client/model/Modelblud_trade$ModelParts.class,1753,3a3eaab7c9c0782fc284f616292642386c8b409f47777dfcd71d3d0cc8d606ef
model_class,net/mcreator/sonsofsins/client/model/Modelblud_trade.class,6723,42ec036aa1d83464f6a21aa31e3f52f21421eb754016792fc5c402293da34c44
model_class,net/mcreator/sonsofsins/client/model/Modelbutcher$ModelParts.class,1732,be6e28c81dd50772fdb3a4932a874eaa54d9d120a561f1200d7cd32ca70f012f
model_class,net/mcreator/sonsofsins/client/model/Modelbutcher.class,8137,519a809f9c61f8cb7f88c780cd9cbf7b5bef4c5b0dee78c8c97b066e399cbdca
model_class,net/mcreator/sonsofsins/client/model/Modelbutcher_ghost$ModelParts.class,1774,33d7d5a0430159706972732d0ed5f2582e63251767c58c75687b5c7ccb2506af
model_class,net/mcreator/sonsofsins/client/model/Modelbutcher_ghost.class,7019,985e97e2c4a6915af3db091261e50439377cde526dfb4e1ad11899f2b7a1c312
model_class,net/mcreator/sonsofsins/client/model/Modelchristmas_hat$ModelParts.class,1774,fd5144a11579be663929f5d7cb8794a3e02ccb6e3b7f4441a7f46a319a535ccd
model_class,net/mcreator/sonsofsins/client/model/Modelchristmas_hat.class,6801,482e8b5f56e7ef2744052d51886a5767ad45ed247ab8102eac307d0886a77670
model_class,net/mcreator/sonsofsins/client/model/Modelcurse.class,4350,fa918b83e60285f49b71a59874a3bd464a8f618934e8fbeea342cb4ff20163fd
model_class,net/mcreator/sonsofsins/client/model/Modelcurse_ghost$ModelParts.class,1760,bd4e293ea379ea59184d6e39be307abfbb91b14a53cc0ad60c2075d13bf7f002
model_class,net/mcreator/sonsofsins/client/model/Modelcurse_ghost.class,6120,9d599e1f77da64743194b88a2257f3e331310f6fa20328aec21828800fb115ac
model_class,net/mcreator/sonsofsins/client/model/Modeldevourer$ModelParts.class,1739,9a3e8fc4102952fa30f3304a1f5c8efa8d8dcbd50be85728c325e282660e9a80
model_class,net/mcreator/sonsofsins/client/model/Modeldevourer.class,6832,bc2cb0824ecec80c7506ce964ade4c130576300c9c92ece3a145b6f3ea7686aa
model_class,net/mcreator/sonsofsins/client/model/Modeldevourer_heart.class,3804,163a4857dcbd8909e829597c81835e3df408662e93e73f88516c12d08b7491d9
model_class,net/mcreator/sonsofsins/client/model/Modeldevourer_muscle.class,4194,6fb0e156885758aa4b8c0ee8e09e8d2b7e8df9e9057df704c3f4485aa553c46c
model_class,net/mcreator/sonsofsins/client/model/Modeldevourer_ribs.class,3764,04e26e0c0cc167cd3898551edecbd7c15b2cdca6305f916273ba29f52aa0b6af
model_class,net/mcreator/sonsofsins/client/model/Modelditched.class,5828,e3bddd7bf308921485d98fe07a87fa9f24e657342f4c443b8fe74cb68af2107c
model_class,net/mcreator/sonsofsins/client/model/Modelgrub$ModelParts.class,1711,2475bed21d09ce825a1a69b491cedf6c1c6df238cfe274bd55d6e78691e35e64
model_class,net/mcreator/sonsofsins/client/model/Modelgrub.class,6949,8df23405220eaed19fce4c3a83eb9d19e1cc540a1e295d737a07e434f992d175
model_class,net/mcreator/sonsofsins/client/model/Modelgrub_heart.class,3801,4eed939c8507f7908d409384f73be160e886d452532208279c0b94abaff98e19
model_class,net/mcreator/sonsofsins/client/model/Modelgrub_muscle.class,4411,cc8383134b8e9e6aa55ad487517f8e1f2826dae2f4ab9138d7de4cb280724295
model_class,net/mcreator/sonsofsins/client/model/Modelgrub_ribs.class,3805,10be72875577617b6bef76fcdbbb9433263c8c89b3fe03a2d0191788dd5cfdc9
model_class,net/mcreator/sonsofsins/client/model/Modelgulber$ModelParts.class,1725,c45d69c7961a5a5f9cf7f0fede98c17c6eddb1945e2764ac9d7b9da0ffbef21a
model_class,net/mcreator/sonsofsins/client/model/Modelgulber.class,7164,6d0b0d33aafb7009c7bb06f87062aba80e476a6459c1eb6905d579ff9e514f7e
model_class,net/mcreator/sonsofsins/client/model/Modelgulber_heart.class,3798,c2244634eb0fd72db9a1d27a8402261e67548eb02b7f676d87f193d8aa1278fd
model_class,net/mcreator/sonsofsins/client/model/Modelgulber_muscle.class,3867,7f483f3c5cd8986870f90e14232bcb2d6a60ee39391e3d3c3d857876240301fb
model_class,net/mcreator/sonsofsins/client/model/Modelgulber_ribs.class,3808,cdf3f515f09580f6d36e096b6e2f0b2d85cf0b8dc043dafaba7a2bf2070e46dd
model_class,net/mcreator/sonsofsins/client/model/Modelguzzler$ModelParts.class,1732,1d0e8d7912507c542e25d915f839dc08d2343acab86d1acbb7e9c717a40d6767
model_class,net/mcreator/sonsofsins/client/model/Modelguzzler.class,7171,76e7ac948177eb50744d9bdc2c98492d27be4af66f5a9a44132361381db23908
model_class,net/mcreator/sonsofsins/client/model/Modelguzzler_heart.class,3832,246223f4ea78cbeb7e06f6c64035780631de4e47ddfd94621b61c49aab1451bc
model_class,net/mcreator/sonsofsins/client/model/Modelguzzler_muscle.class,4178,51bcd45b4147a50b6e763143c117df0a95d4e570800e196f3c1d31b40dc60a1f
model_class,net/mcreator/sonsofsins/client/model/Modelguzzler_ribs.class,3831,94612e6e740dfbf9c8ab1d57a530cb865629d6906a8bf774cd6163bbf5594d2d
model_class,net/mcreator/sonsofsins/client/model/Modelkelvin$ModelParts.class,1725,75da43e2f944503b47f4cf42082e02a81a60a92f8c1213b17fa926a10eb38251
model_class,net/mcreator/sonsofsins/client/model/Modelkelvin.class,8857,97fe3e78660fc03f9669b69fa0657f634427cc6b91ce7015be69468023f4ebd6
model_class,net/mcreator/sonsofsins/client/model/Modelkelvin_ghost$ModelParts.class,1767,6f378d9db79f46e904a8443d12724ec8b09483c733aaf0e97d59fbed8bbc80d4
model_class,net/mcreator/sonsofsins/client/model/Modelkelvin_ghost.class,7134,73d3db68d416d5626093af535750a36becd6eefb9492764d7670ac9923136af0
model_class,net/mcreator/sonsofsins/client/model/Modelnibbler$ModelParts.class,1732,adc1539cd0afc676b5e81a06d2bb10a9c044d0ca56fb92c59da61456efb3f80e
model_class,net/mcreator/sonsofsins/client/model/Modelnibbler.class,7333,0a9cfc0dcc1977177bb5af95a5deeb9f7494237c2c3b9ac40b0442cdf3f3867c
model_class,net/mcreator/sonsofsins/client/model/Modelnibbler_heart.class,3793,0560bf399c8705b1782848f6ceca63af04f9735d82223ceed4d16a1bef4562ee
model_class,net/mcreator/sonsofsins/client/model/Modelnibbler_muscle.class,4560,137603d60c153c18144b2d90218ed8fba68a6b4f734f2aaf9d424e7a2bdb38f7
model_class,net/mcreator/sonsofsins/client/model/Modelnibbler_ribs.class,3758,535fb4478b994945c7c4d22a82e756be660bcc0774b3509c70fa1d12a3e20bbc
model_class,net/mcreator/sonsofsins/client/model/Modelprowler$ModelParts.class,1732,c8ce07478bcb6b6d136f2aabc592d72db572401b5e48554a14b45f883d344dfe
model_class,net/mcreator/sonsofsins/client/model/Modelprowler.class,8029,445ff0190fb760a569bd84e18f55369a43c7482050bcf37748e07d1f8b119518
model_class,net/mcreator/sonsofsins/client/model/Modelprowler_ghost$ModelParts.class,1774,5d7a9dd3f867b3b1794a4e06e67280c7d367992bd50e94f4d459a58ce8eae176
model_class,net/mcreator/sonsofsins/client/model/Modelprowler_ghost.class,6480,f3630c9a322decebb3269f6a2b005b1f759330e62650095ffb8f909b83fe53ff
model_class,net/mcreator/sonsofsins/client/model/Modelremnant_chest.class,4409,7905ef4cce350c9af383e41c3ebd45e51b19a22d54a43e6c21140168eab788b0
model_class,net/mcreator/sonsofsins/client/model/Modelsickle_backstab$ModelParts.class,1788,1b5d03a3c29c816fd4f9f2ce54e12c335ec0164d642068472158f9f2213fa65c
model_class,net/mcreator/sonsofsins/client/model/Modelsickle_backstab.class,8860,ea2abe78da420ffcd019408ae164f2b3c6da452c286ba7bf53274ed1d14745f0
model_class,net/mcreator/sonsofsins/client/model/Modelsombrero$ModelParts.class,1739,f1688a33627778280e0905142d6e5de6d0d6a24121ddfb0ccc758fabf6d896c9
model_class,net/mcreator/sonsofsins/client/model/Modelsombrero.class,5994,4953170fce2ad59df8f03101eef3fe451413efba5865895784eac8d2f1f0e945
model_class,net/mcreator/sonsofsins/client/model/Modelsoul_steel_helmet.class,4348,17e39c649d220bc42b698e05e9cbec2ec888c6ab1439672c4fc8bbc1ed13234c
model_class,net/mcreator/sonsofsins/client/model/Modelwalking_bed$ModelParts.class,1760,dcca8a23aecf9b38080bdf3aadf74564baa6bcf1de05889bcb9742104dfa6a87
model_class,net/mcreator/sonsofsins/client/model/Modelwalking_bed.class,10761,3b167af1529ce7c1df2bac08fb2f60b209ac715b5cfca587b69697b4d3449110
model_class,net/mcreator/sonsofsins/client/model/Modelwalking_bed_ghost$ModelParts.class,1802,2dfe628b057d1e4106aedbe5334c76cdb4df5a14be1df6e21fc596b953850016
model_class,net/mcreator/sonsofsins/client/model/Modelwalking_bed_ghost.class,8388,6488ca251c20a68987ca2d967973106a988fc2d5c2034176361b735084b234ce
model_class,net/mcreator/sonsofsins/client/model/Modelwistiver$ModelParts.class,1739,6b472800a2fa409c89bcb2b0826e66cbe7525db3b990ae272bb322f71b27949c
model_class,net/mcreator/sonsofsins/client/model/Modelwistiver.class,9720,6df5b027c2ca6369a889a692b619d8fa3bb37b922d022f807ea43836ad06b10f
model_class,net/mcreator/sonsofsins/client/model/Modelwistiver_ghost$ModelParts.class,1781,6a9ffb146fefcc936cf60243acdc8af8ad11058f671574dabf47cf3f69165c9c
model_class,net/mcreator/sonsofsins/client/model/Modelwistiver_ghost.class,8086,2d98d5d08723e0e6fb50298f799cbfa4aa1096a124a28b123a612f5037fa9d72
model_class,net/mcreator/sonsofsins/client/model/Modelwistiver_jaw$ModelParts.class,1767,a5314c6b985615df978bdc99b13b600489f8939da398be6b8f7addc51b7b1fbb
model_class,net/mcreator/sonsofsins/client/model/Modelwistiver_jaw.class,5847,7769cd61131c2f2c981c6e3ab9f6920be6be5b92a7ee1c55bcb3fb916b0750a5
renderer_class,net/mcreator/sonsofsins/client/renderer/BetrayedGuzzlerRenderer$1.class,4702,6862533d75aeb38e6eae345bf1a341ce22ef41e34757b5eec6e4645be5b5a9a6
renderer_class,net/mcreator/sonsofsins/client/renderer/BetrayedGuzzlerRenderer$ItemInHandLayer.class,4708,88c2764a2ef0b2b202f1572b86f90b6baf7b99d376a6e259a41c422130517a29
renderer_class,net/mcreator/sonsofsins/client/renderer/BetrayedGuzzlerRenderer.class,2686,b2776bdcacdab07a983bb5564e43fb26a519ff16c67597ac79be09666e32fc24
renderer_class,net/mcreator/sonsofsins/client/renderer/BludAggressiveRenderer.class,2123,b8bbe8c1ffab6d3a38d9e7cf1c862144708e8efc1372623050114f31cd630ed0
renderer_class,net/mcreator/sonsofsins/client/renderer/BludRenderer.class,2021,01a10365f4d6f88e77ae57a2ce25d1a8271d16af9cad0da54c91417135b796c5
renderer_class,net/mcreator/sonsofsins/client/renderer/BludTradeRenderer$ItemInHandLayer.class,4888,aa55b9112a05393ab0747be5b695ce08eef5962c4f142c083a6d4fdac555103d
renderer_class,net/mcreator/sonsofsins/client/renderer/BludTradeRenderer.class,2375,00e1b6318640113fa87f20cbe80b68e729901dbaa15e537883cb4a67389aa3c4
renderer_class,net/mcreator/sonsofsins/client/renderer/ButcherRenderer$1.class,4145,cd978cbbc1c4c7e1bd682a4f4dc97db9f9fbdaf1d8e1e9d193557fcf0921c14b
renderer_class,net/mcreator/sonsofsins/client/renderer/ButcherRenderer.class,2386,fadac173049ab3ff6cd57c561bd99c3d6ac5da0c3272fc2c357b776c3565d629
renderer_class,net/mcreator/sonsofsins/client/renderer/CurseRenderer$1.class,3573,c0450f2db26ba4a5991dfe9b1dbbcf7848fab913320ce3ee9b2af8a9fa84ec69
renderer_class,net/mcreator/sonsofsins/client/renderer/CurseRenderer.class,2354,1a1c466e5810eb7da1f8c323281c7fdd87b055a7fb403268348465248ca88210
renderer_class,net/mcreator/sonsofsins/client/renderer/DevourerOrgansRenderer$1.class,5839,1ecbaeaca6928670721c6a71407d7ada8e4a1bccb39f3e0949e5ff3607d6b4e6
renderer_class,net/mcreator/sonsofsins/client/renderer/DevourerOrgansRenderer$2.class,5843,528e6398ffbd5ffe18e7bac36621515614157296990a8b78dfd49c92de9d5822
renderer_class,net/mcreator/sonsofsins/client/renderer/DevourerOrgansRenderer$3.class,5847,5cc3ee1372673074563e3610c10f02da33d981d18ef7f15097b4dd86de898cb2
renderer_class,net/mcreator/sonsofsins/client/renderer/DevourerOrgansRenderer.class,3175,a7ec4036e54d292a9fd3dd1b6d6f3b4f019f2657b1514642439cdb7af110b9fd
renderer_class,net/mcreator/sonsofsins/client/renderer/DevourerRenderer$1.class,5188,d5f83f6697e6bdad8967578383ee13270128df399af6f164b4175e5e1910abe2
renderer_class,net/mcreator/sonsofsins/client/renderer/DevourerRenderer$2.class,5185,2cf47ed2ef5bdcf701ad7ab8fdf59a4dcabb21d88b85899e77bac35ceccd3ea4
renderer_class,net/mcreator/sonsofsins/client/renderer/DevourerRenderer$3.class,5389,7363931773683c4a6285fd61a0dca4c4d3ab95463bdd6f36da8e681ff08d0763
renderer_class,net/mcreator/sonsofsins/client/renderer/DevourerRenderer.class,3497,57588560e549fcb95cc09264330786e743ccc236e2cb4d63c42e1a9412eeb79e
renderer_class,net/mcreator/sonsofsins/client/renderer/DitchedRenderer$1.class,3622,99cc5d120df593967d060b5a247f41ab6df0fa119656bbfe8a197958744cbc89
renderer_class,net/mcreator/sonsofsins/client/renderer/DitchedRenderer$2.class,3560,2d9445fdb4ca375b1ec803f05e5000ef90ad74cb8000535744b9762495fe04d2
renderer_class,net/mcreator/sonsofsins/client/renderer/DitchedRenderer.class,2484,c97a45b267b69adfe00dde20c4017c24f52442a719689d3e9ef34a5757bea830
renderer_class,net/mcreator/sonsofsins/client/renderer/EtherGhostRenderer$1.class,5844,e9738b04d5ced31b4040aca1744826c9c53b03632599b64d9484c732911efa48
renderer_class,net/mcreator/sonsofsins/client/renderer/EtherGhostRenderer$2.class,5853,b336b061ffbd4b176229b44b3640de5bba87818327e9d33e149b03c9c60f2328
renderer_class,net/mcreator/sonsofsins/client/renderer/EtherGhostRenderer$3.class,5840,45fdf29684da7fb3190b3e27b7bd9bd56a6b2013dba42ff54abeda84ba8a07fa
renderer_class,net/mcreator/sonsofsins/client/renderer/EtherGhostRenderer$4.class,5838,8743520d802c43edbfbf16a04af8fd7953131ed4ad3e203dcffd00d8eacd1ea2
renderer_class,net/mcreator/sonsofsins/client/renderer/EtherGhostRenderer$5.class,5835,cfb945fe9f28882e881dd46bdbf8400ccb772863356db37e52b71cb741fbf12e
renderer_class,net/mcreator/sonsofsins/client/renderer/EtherGhostRenderer$6.class,5841,cd70de685e66c22b80121332e25d718a1454933976be04bc10fd85e895b9d7ff
renderer_class,net/mcreator/sonsofsins/client/renderer/EtherGhostRenderer.class,2988,4573410a20e7956ae78ac4ad5071578239b63d0d02957bea74190cf1f457dc6d
renderer_class,net/mcreator/sonsofsins/client/renderer/GrubOrgansRenderer$1.class,5779,8a79647a02a4ca5e8a09c0c940bddc24ee1c35f9bfb6faa6ae52418dacb708ed
renderer_class,net/mcreator/sonsofsins/client/renderer/GrubOrgansRenderer$2.class,5783,8497d2a696c20f9cd0cc49f0899dcc8e8ee56b46aaa12a35b472e8ba7dbb5dd1
renderer_class,net/mcreator/sonsofsins/client/renderer/GrubOrgansRenderer$3.class,5787,285a259686e9c1ab452ba8031406ee7e001118ce92a892e85388bc9b554689b6
renderer_class,net/mcreator/sonsofsins/client/renderer/GrubOrgansRenderer.class,3127,7e7c65a77691a1623a4f917195324863485f3735680d58c3f0090eea4924ecd7
renderer_class,net/mcreator/sonsofsins/client/renderer/GrubRenderer$1.class,5120,a4f7857fba5f5e7a6f4a8965e712fecf8db0596ad4a231f838bc03fdb0167160
renderer_class,net/mcreator/sonsofsins/client/renderer/GrubRenderer$2.class,5117,25a4bbceac71bb7684330c2ac9065ea245565e72b52850d10661c2406ccb752b
renderer_class,net/mcreator/sonsofsins/client/renderer/GrubRenderer$3.class,5317,df19ef282650652b02cce0e13f4b2a4629f3aa954f1feef080b484ab63186a37
renderer_class,net/mcreator/sonsofsins/client/renderer/GrubRenderer.class,3439,22d815a222c0922e52f254d02aeb98185e9b57ef4197257f5d30dce332b8b8b4
renderer_class,net/mcreator/sonsofsins/client/renderer/GulberOrgansRenderer$1.class,5666,bfadacce125911949c7c6776f6d1b25c2f0579d69c2aac7dbb04803d8e59de12
renderer_class,net/mcreator/sonsofsins/client/renderer/GulberOrgansRenderer$2.class,5671,f973c88dd8b14c2a9477bf875e7a560170d61abac6eabf22ea987ecead81f1b5
renderer_class,net/mcreator/sonsofsins/client/renderer/GulberOrgansRenderer$3.class,5676,23c4567e6bbde765097fb2a6f28850b7d28074d578eb3c3588250af43ba44517
renderer_class,net/mcreator/sonsofsins/client/renderer/GulberOrgansRenderer.class,3151,4cf1a1d7beffe4184a0cc3af44ad53c5b448c7f6d98a969cb1644439ae0c2b9a
renderer_class,net/mcreator/sonsofsins/client/renderer/GulberRenderer$1.class,5051,d3431d935f9591c01d5128eb5dbfaf4d52315a7be4d40665952af5103e684de2
renderer_class,net/mcreator/sonsofsins/client/renderer/GulberRenderer$2.class,5152,3f1ef1b933c34d5359639603bc4b97b2c595def54a535b5e8673337172c8bd65
renderer_class,net/mcreator/sonsofsins/client/renderer/GulberRenderer$3.class,5354,9422da08d141da4abfff1e086ecec0a4e4e7fdb392f55edf0dd8ba95fbf32c29
renderer_class,net/mcreator/sonsofsins/client/renderer/GulberRenderer$4.class,5155,dd3e4eefa99a7af0570cc73560cc7afcaf9ad84824f05913b4d7f4c9b1a29d61
renderer_class,net/mcreator/sonsofsins/client/renderer/GulberRenderer.class,3566,2776c6bb7fae5aff2b5ce8240e57fde268780e0d54f8d539a4f1d3d83b54c595
renderer_class,net/mcreator/sonsofsins/client/renderer/GuzzlerOrgansRenderer$1.class,5824,5baafa7e0e4927629852a14a09c5e99cc3c2a6ebd3701c84421fd677ac758a5c
renderer_class,net/mcreator/sonsofsins/client/renderer/GuzzlerOrgansRenderer$2.class,5828,0bac6a0e64aead82f6a88c18b6f8de4b7858748d32e0ea604cf07f159b6ef406
renderer_class,net/mcreator/sonsofsins/client/renderer/GuzzlerOrgansRenderer$3.class,5832,57f1a9d9c19b1f584f464cb85a5c6340a6404f34914bb69f7bc915b231599717
renderer_class,net/mcreator/sonsofsins/client/renderer/GuzzlerOrgansRenderer.class,3163,4ab91843c4de1720058210c316d938ae8f525f13d4a1de817eaa0aa256cd1026
renderer_class,net/mcreator/sonsofsins/client/renderer/GuzzlerRenderer$1.class,4779,b763aa7297b8904711651ccc9a6e18a99136d96a71bc8a3b3f00540ca2746b26
renderer_class,net/mcreator/sonsofsins/client/renderer/GuzzlerRenderer$2.class,5158,146d63b3097c210a263e0c30e419a7f36a0a6cb81ebb4421ef018306911a027e
renderer_class,net/mcreator/sonsofsins/client/renderer/GuzzlerRenderer$3.class,5155,c7059ab6ef0379251f160214c4a797f743c5c99bf99f4496a238a827a4b97946
renderer_class,net/mcreator/sonsofsins/client/renderer/GuzzlerRenderer$4.class,5246,decaab442e3a5a292f9166dd10234d0473623a38cc04cda71427439767c4a448
renderer_class,net/mcreator/sonsofsins/client/renderer/GuzzlerRenderer$ItemInHandLayer.class,4641,d6f1c5a726c7a8ab9b6ca971464eaf17649f2016bd0ce831427caeb387bc1802
renderer_class,net/mcreator/sonsofsins/client/renderer/GuzzlerRenderer.class,3777,4caf91e0a0f9dfc9bfd00ecaf98d6295082a3f30ccb67333b6479c2e0a125d45
renderer_class,net/mcreator/sonsofsins/client/renderer/KelvinRenderer$1.class,3590,8cb468024f4b7e803dd29a880114554476f7989120682c344549f8738be7e62d
renderer_class,net/mcreator/sonsofsins/client/renderer/KelvinRenderer.class,2373,7c13da90df57268916a9f1e778aa6ee0b23ce2a531cfbd3636b1c2ec5418ec92
renderer_class,net/mcreator/sonsofsins/client/renderer/NibblerOrgansRenderer$1.class,5824,3acd8a36395fdc5135cb6ce16b55a0ffbb883a7cb5da78deb04f2ace205df315
renderer_class,net/mcreator/sonsofsins/client/renderer/NibblerOrgansRenderer$2.class,5828,0919f49260984154cb9188ecee7be382644a24e5ff2ca46fee9d5e415d7e537b
renderer_class,net/mcreator/sonsofsins/client/renderer/NibblerOrgansRenderer$3.class,5832,b454bab0b1327d9ff989dd0962f5104b2708818ae572cf2c2bdc64e935cebae2
renderer_class,net/mcreator/sonsofsins/client/renderer/NibblerOrgansRenderer.class,3163,8e1f98591f53d9c1a59f211f2e5f2e7ac0136c9bd457a85fe5b5405da4fe6d20
renderer_class,net/mcreator/sonsofsins/client/renderer/NibblerRenderer$1.class,5171,8e3aeed215a837a0b29f4436f33ed0fe109267120711bc40743e62e6daef6ef2
renderer_class,net/mcreator/sonsofsins/client/renderer/NibblerRenderer$2.class,5168,c64ae897c981dace200f607bec9c77264fb1a4744beb9dc2aab679dd4a375443
renderer_class,net/mcreator/sonsofsins/client/renderer/NibblerRenderer$3.class,5371,d57699afaa066680854949da63f443e5b0f5b7d5f4f0660a6cfd2564638e4695
renderer_class,net/mcreator/sonsofsins/client/renderer/NibblerRenderer.class,3487,000bef39ef2b416243977027d670475200ce00ca7a62edde9cc619c4c5c3d60e
renderer_class,net/mcreator/sonsofsins/client/renderer/ProwlerRenderer$1.class,4145,3106487adfaf29ea7376fce1721d4cdb43af40e25c7e2e1c37a9bcd3b6f7d819
renderer_class,net/mcreator/sonsofsins/client/renderer/ProwlerRenderer.class,2386,6670b47657f7dd367309b9644fd3f1ea8cfc2fc1d611d439cbcdfb0b8a511f11
renderer_class,net/mcreator/sonsofsins/client/renderer/WalkingBedRenderer$1.class,4198,657abd02473b1b76b8ba0840d3e0f873a84207dfb4903ff2206838fc34f85ff0
renderer_class,net/mcreator/sonsofsins/client/renderer/WalkingBedRenderer$2.class,3673,ac90416064931b1f3b3358a530e2202bae0c3b3fd5a4cfbfaca7345fe0f325b8
renderer_class,net/mcreator/sonsofsins/client/renderer/WalkingBedRenderer.class,2527,a2889a666c56c361e83471025ef82f2d84696d8a23c96410dc52e6630963e843
renderer_class,net/mcreator/sonsofsins/client/renderer/WistiverJawRenderer.class,2101,871f03924dbb8da8e11d3e2448371d21f15360e5369d7165f87a0b7e255177ec
renderer_class,net/mcreator/sonsofsins/client/renderer/WistiverRenderer$1.class,4162,0f47615360d87ef24c73da1967d8a49f540eb23757e9e600075a596df41d9e85
renderer_class,net/mcreator/sonsofsins/client/renderer/WistiverRenderer.class,2399,eba6d6fc894f67fe333af65b77b212463557d573c350e95b3988d48bb96ff909
entity_class,net/mcreator/sonsofsins/entity/BetrayedGuzzlerEntity$1.class,1544,894ec1da1fd12fb66eb44c16f185ae249d7d5392a5989bb7863691f635647816
entity_class,net/mcreator/sonsofsins/entity/BetrayedGuzzlerEntity$2.class,1090,9a7fd989237b6411c302ea0270ce242af24e4f01e6ed8de2ad8234b5d036843a
entity_class,net/mcreator/sonsofsins/entity/BetrayedGuzzlerEntity.class,13324,ccce0623176e2dba3677deb9916bcee33f08998065f93ec6140d8540afd790f2
entity_class,net/mcreator/sonsofsins/entity/BloodPrEntity.class,8646,dd42f09dd95de0d3ee45fd69e83786218d126553f3ad2efc07b4947a5eb71a97
entity_class,net/mcreator/sonsofsins/entity/BludAggressiveEntity.class,8774,bf9f1c7d19cfab73ac487c8f50166cf8d79ba72bab6edd042716ec3dca7957b8
entity_class,net/mcreator/sonsofsins/entity/BludEntity$1.class,1478,230bf657c4d699e7c8738bfcca434dc1a9cc4ef32f8ccbf4917d12fe3644f9d3
entity_class,net/mcreator/sonsofsins/entity/BludEntity$2.class,1024,b445589e408b47b2a25bad2a1a0a7b6c5606ce03f11770782de214a8efaa2cbf
entity_class,net/mcreator/sonsofsins/entity/BludEntity.class,8001,8713bfe637d6d6c94a7f0bd7b1501e2cb52fbdb11fc287581503085e06ee2284
entity_class,net/mcreator/sonsofsins/entity/BludTradeEntity.class,5953,eb3649ac447b64afafda99a68c58f0434e76cf3b52a48a9761bfc05c47692b1a
entity_class,net/mcreator/sonsofsins/entity/ButcherEntity$1.class,1496,b9917ddbf0f4fd16cb3691d1358cdf74e667db6135911ea90f7e70c617e9aa48
entity_class,net/mcreator/sonsofsins/entity/ButcherEntity$2.class,1042,c84c206ac05c932f70f829a0c3fc8debc030f170f8a3d0a82c30eb7814ef13b9
entity_class,net/mcreator/sonsofsins/entity/ButcherEntity.class,8045,acf2aaadbb24b9b99bb394cbc0b8f6ac6cddc0acc397b501eb62f7be11170c05
entity_class,net/mcreator/sonsofsins/entity/CurseEntity$1.class,2601,1b531d1300b2196977f5edad7e63ff1b533e562e1157473a57e3fe6f036bf691
entity_class,net/mcreator/sonsofsins/entity/CurseEntity$2.class,1453,70725b2c647f779f251982a1f6ac16010c3fa4926dcfdd01079ab3e44a0bc75d
entity_class,net/mcreator/sonsofsins/entity/CurseEntity.class,8283,52aca6029c1e057335becf53cb4fbf218927aa441d09abe152a519f6124e874e
entity_class,net/mcreator/sonsofsins/entity/DevourerEntity$1.class,3231,ad12d6f10abb989e3669cbcc7fe31e2a6e0d953e45ab352c7787da9c73ff75bd
entity_class,net/mcreator/sonsofsins/entity/DevourerEntity$2.class,1856,556edaa9e802fbd25cbb5b30f2f15eb6573a26c5e38b2c4b327cf2a725723c03
entity_class,net/mcreator/sonsofsins/entity/DevourerEntity$3.class,1776,fae5eb5caba3a5ba72ec84f001c85132a80a9a71b18d02ceec4354ec2810e180
entity_class,net/mcreator/sonsofsins/entity/DevourerEntity$4.class,2339,cf0de986fe277587a1a00a47f2262e2a179acc5712654731bb7defaa16f6f815
entity_class,net/mcreator/sonsofsins/entity/DevourerEntity$5.class,2466,8d950b602e7e1be9de81ba1a6644702c5a015a4705c36d95558b6f16ae272dde
entity_class,net/mcreator/sonsofsins/entity/DevourerEntity$6.class,1902,54fcb91c326ce2027379d4e02687be32c355fadf6b74708659800a7a9446d6d2
entity_class,net/mcreator/sonsofsins/entity/DevourerEntity$7.class,1048,501615c414698a0c043fc3b38ced544bbeeddf8988354770d1c71625b30b3527
entity_class,net/mcreator/sonsofsins/entity/DevourerEntity.class,16637,7190edd1d8d6a3b69e893fa3e8de37f7ab7fb370ebcb6f5a603120624944b513
entity_class,net/mcreator/sonsofsins/entity/DevourerOrgansEntity.class,5236,043ad135e83586014f88141b35e00d530602c8312bb90c7fd674797ef84ea67d
entity_class,net/mcreator/sonsofsins/entity/DitchedEntity$1.class,1584,511d92a209d2ec18599f15bfb96386fd4d997e37aca6cca5c0122bc9c107b006
entity_class,net/mcreator/sonsofsins/entity/DitchedEntity.class,4395,c355f6ea2be977a97571a5912f2e6edf7e8fb0375b7f3efede17b836fabfcc3d
entity_class,net/mcreator/sonsofsins/entity/EtherGhostEntity$1.class,2623,69d4d43565bf97a1a5a1277738a83dd1e2e6ddfcf6a0530f0ba53e9134fd9f22
entity_class,net/mcreator/sonsofsins/entity/EtherGhostEntity$2.class,1483,f190d82b9afbf0035ba23c4c65bb6e67454cbc488effb1a96515a782bf14596d
entity_class,net/mcreator/sonsofsins/entity/EtherGhostEntity$3.class,1602,98af631185438fcc29744008c6bdeb20a1e44f7619d4c7c157557aecf7eb9589
entity_class,net/mcreator/sonsofsins/entity/EtherGhostEntity.class,13073,fff2b796789976353b8586a1945d40b133f41f69e54aa644269c39c1c0ceab00
entity_class,net/mcreator/sonsofsins/entity/GrubEntity$1.class,1478,ee830dfb56fed683ceaeab2a063f2e0d3ae3e1c641090181e740197083d8872f
entity_class,net/mcreator/sonsofsins/entity/GrubEntity$2.class,1878,bbe9e13fec77c7b0fbb99911f17ba5f86d209774b101e6c134979c7ffc4b11b1
entity_class,net/mcreator/sonsofsins/entity/GrubEntity$3.class,1024,7c4fa2ec882b9ad29db40ceacc00ce77de4edfbc33be18dde673ab711c2492f3
entity_class,net/mcreator/sonsofsins/entity/GrubEntity.class,15609,8152653981dc0fcb0153325730969d3d5b6cc9b747954dfa892e927e765c03a0
entity_class,net/mcreator/sonsofsins/entity/GrubOrgansEntity.class,5216,0e548f8e1414433dd03472bff80301aaeeff0279a12af1e731138b52033e0e7e
entity_class,net/mcreator/sonsofsins/entity/GulberEntity$1.class,2036,e7bad30104df3a23ac3512ed5668750f4b0111e70f2f4c1fb7d5bbcd7b79dca8
entity_class,net/mcreator/sonsofsins/entity/GulberEntity$10.class,1038,9f439fa5fabe0eb7fc8dd11213c3dd402fcd6ae178cd95c8077d9afc234eec37
entity_class,net/mcreator/sonsofsins/entity/GulberEntity$2.class,1426,1a19479d8a7c06cf80208c2337417a5534d60aec03e10ee55798abdb13d58465
entity_class,net/mcreator/sonsofsins/entity/GulberEntity$3.class,1373,14f640c49c6675616343e1644c6e7c8b704e4269572909d42f715e8e08a51429
entity_class,net/mcreator/sonsofsins/entity/GulberEntity$4.class,1357,9b4cfec805edb4b981f4af57b11ab6b14a3dc095fc6c350f77ab2918bf1ea149
entity_class,net/mcreator/sonsofsins/entity/GulberEntity$5.class,1355,c6920c70a0f65cd1150f564604b529c0ddb5c7346f09c32917647921d814bef3
entity_class,net/mcreator/sonsofsins/entity/GulberEntity$6.class,1343,f3860af73991a59631d993acbd3dcab9571652b7efa02870ca5e5ea05b1a310a
entity_class,net/mcreator/sonsofsins/entity/GulberEntity$7.class,1319,5c2aa0a993d4a60eaf59c00e7a2bde7809dd1a9abce828f4aab71676d214dcd0
entity_class,net/mcreator/sonsofsins/entity/GulberEntity$8.class,1470,c9f3d3252b71eaea40e10f27d29525208f3e670658467a05804f4be655d62199
entity_class,net/mcreator/sonsofsins/entity/GulberEntity$9.class,1498,93e238cf81a20b6f6340247d36527ab0fba15a672dbd56697b0601cea3ddbd41
entity_class,net/mcreator/sonsofsins/entity/GulberEntity.class,15193,5ba4ee03cf5090f1217e996bcf4e00f573622aff57f2e01c6928c101454a9d1f
entity_class,net/mcreator/sonsofsins/entity/GulberOrgansEntity.class,5226,f0e85b6f8853e4f353b2c68a306bb45f7b6b944ea1fdf15d5845a88799d44604
entity_class,net/mcreator/sonsofsins/entity/GuzzlerEntity$1.class,877,4ccb85792337e760ad989e0b0ac70b9f28e2a3601ca618782edd68cb35182346
entity_class,net/mcreator/sonsofsins/entity/GuzzlerEntity$2.class,1795,9892b14a2e96b1e7c004017561074b06593d84691b90884ff194244cafa6be8b
entity_class,net/mcreator/sonsofsins/entity/GuzzlerEntity$3.class,1793,1a18e8d178877069d51094292cc0baf63fe9d54ba4a2d165f38a878dcc51e07b
entity_class,net/mcreator/sonsofsins/entity/GuzzlerEntity$4.class,1864,2434774fe600d92ea121f4d109d19f8250b6a9539295acc27c8a6ee401756543
entity_class,net/mcreator/sonsofsins/entity/GuzzlerEntity$5.class,1773,d80f118ed4fc3a691f6426f00e44f9dbf378fd34c2a8a4e7d463fdadd69b31fc
entity_class,net/mcreator/sonsofsins/entity/GuzzlerEntity$6.class,1719,f24b290a5be93dbbf4626ba5aa653305bf88638d17214ad66bec90e3661bb2e8
entity_class,net/mcreator/sonsofsins/entity/GuzzlerEntity$7.class,2112,c152a50c9c0c6e4398fccd879c719785c002712e3b03d2f2d15b5c66a1efe611
entity_class,net/mcreator/sonsofsins/entity/GuzzlerEntity$8.class,2152,9892ae04a82318be4802e9f59d18ef090e5b33cc72947471ea3c16d9f73e0205
entity_class,net/mcreator/sonsofsins/entity/GuzzlerEntity$9.class,1042,5a7304d6ca64012c0df97139a3bb753781ef13c4460de5f2edc56f2a0af8b371
entity_class,net/mcreator/sonsofsins/entity/GuzzlerEntity.class,15393,0082be1ff53c41580a405596ca1750e61d4475a1f3c505e8ce688a9aa5b5b3ff
entity_class,net/mcreator/sonsofsins/entity/GuzzlerOrgansEntity.class,5231,b7383f76d4724c1040391abface49fde123e05aa307b43518b24ae024b5c81f8
entity_class,net/mcreator/sonsofsins/entity/KelvinEntity$1.class,1490,bd127c9a1c4be14231cd75aa0eeaa0a1a8cc6051b6fbefee9d4b5bcf7d560a1a
entity_class,net/mcreator/sonsofsins/entity/KelvinEntity$2.class,1036,15fff2c77a70ec4524332cffba30441ce19f6353b40466c9ec2fc91f69196ce8
entity_class,net/mcreator/sonsofsins/entity/KelvinEntity.class,7969,08b3602ca21807e1dd67cdf5b17c5e64f61877700941a98d5a14793d51b13e26
entity_class,net/mcreator/sonsofsins/entity/NibblerEntity$1.class,2968,af81a516ac87deacf63e4a430ee589c3d79a6801d587520e2f9912e8f32864d5
entity_class,net/mcreator/sonsofsins/entity/NibblerEntity$2.class,1496,711e5c43d02d923383a1b0b8646df29681bb902032d297226c88ce404aa583ac
entity_class,net/mcreator/sonsofsins/entity/NibblerEntity$3.class,1896,d51ae89e105b058a6299c8d9a4653a607f22e25f857d833640eecf06f64c4caa
entity_class,net/mcreator/sonsofsins/entity/NibblerEntity$4.class,1896,20be2c2983c711650d67db0b0218d4d5e3c243b0dcb0a712e656a68b25480569
entity_class,net/mcreator/sonsofsins/entity/NibblerEntity$5.class,1896,ffe3077e627f5986e1aa30abdb8b713c1b09ea66baffe52fb0c4a8229df27a77
entity_class,net/mcreator/sonsofsins/entity/NibblerEntity$6.class,1042,c5a06b58248d314d2d46486df12bc9e8aa70b68667674afadfae378d12a768c7
entity_class,net/mcreator/sonsofsins/entity/NibblerEntity.class,16303,cfba85d3d82a7e83154c839d7cf36251b06af8c91884bd05c93eb00802f9637d
entity_class,net/mcreator/sonsofsins/entity/NibblerOrgansEntity.class,5231,91161edf6354ba6166c3d68ea60f7f85480f9d08b89bf1764e562f28d6ec7813
entity_class,net/mcreator/sonsofsins/entity/NullPrEntity.class,7101,b7a2791356546995b3c8d3551301fe5cfb384f1913c758acbb166c8ae59c09e5
entity_class,net/mcreator/sonsofsins/entity/ProwlerEntity$1.class,1496,62b375c0a40438286c20bedc32c053b692d4ac1fa08a16e26a2eb105384cd0e4
entity_class,net/mcreator/sonsofsins/entity/ProwlerEntity$2.class,1042,3681d62c60cb9a3d88bbe27cac9c4a626a6a65252fd6da80579067680b284867
entity_class,net/mcreator/sonsofsins/entity/ProwlerEntity.class,7917,741e47cc879862ee991e164ccc9af86316ef6e2b587102c4e19ee6d20c01bcf0
entity_class,net/mcreator/sonsofsins/entity/WalkingBedEntity$1.class,1514,6106df62993c79669a7c10b76b42845c4c0a60191ae51286aaa19548e49c1ceb
entity_class,net/mcreator/sonsofsins/entity/WalkingBedEntity$2.class,1060,21a64425e10c43b28ad74b295e03b67937a69ef579757e680bab301c4e3ce86a
entity_class,net/mcreator/sonsofsins/entity/WalkingBedEntity.class,8915,86fd1e0c3005f02422176e9299527f9b3c4beefb8bbf3c47b8e20d7777272876
entity_class,net/mcreator/sonsofsins/entity/WistiverEntity$1.class,1491,6c2cb0fbe8f57358622ac5ce4e0ef94aa11368682055f329bc34ea5423672961
entity_class,net/mcreator/sonsofsins/entity/WistiverEntity$2.class,1048,c86f243d4c127de1a07c81fa8478eb575c014da892ef5f342c160736f093bea4
entity_class,net/mcreator/sonsofsins/entity/WistiverEntity.class,8477,6329ea0670f26dc6c285eb5d6d21264fa440f0ba6519e3e7ff0eba5c567df9ca
entity_class,net/mcreator/sonsofsins/entity/WistiverJawEntity.class,5893,eb3081c1a94c8b80a3d8d4a5fb7adf3bbf928f70713966a4c2e027d93b2cf7ec
entity_class,net/mcreator/sonsofsins/entity/behavior/GhostMoveControl.class,2330,a72483cebcd12c89ba643acf16446315de1175372831075547472f6e1c881d6b
entity_class,net/mcreator/sonsofsins/entity/behavior/GhostNodeEvaluator.class,1140,36da6978aa169fe40095172df3fbf61cc40d08f6c8819e7dd9a4779c93f9fdb2
entity_class,net/mcreator/sonsofsins/entity/behavior/GhostPathNavigation.class,1225,6d668c855f893fac2253b5b1798479e5bc9e8b1f83b82bc7d1e2f8aa4edfcfe1
entity_class,net/mcreator/sonsofsins/entity/behavior/ItemTemptGoal.class,5844,a59060627e9f173eaaaf582e9fb1bb501dbd0407c6f77e6561ec557121233ec9
